country,continent,lifeExp,pop,gdpPercap
"IUNI0001 L. Iunius (46a, Supb. 5.356ff.) M. f. Brutus",Violent,31,31,-509
HERM0011 T. Herminius (2) Aquilinus,Violent,51,51,-499
VALE0013 M. Valerius (74) Volus. f. (Volusus),Violent,51,51,-499
CASS0020 Sp. Cassius (91) Vecellinus,Violent,65,65,-485
"FABI0077 Q. Fabius (164, cf. 159) K. f.  Vibulanus",Violent,45,45,-480
MANL0088 Cn. Manlius (19) P. f. - n. Cincinnatus,Violent,45,45,-480
MENE0096 T. Menenius (17) Agrippae f. C. n. Lanatus,Violent,49,49,-476
ORBI0112  Orbinia (RE 18.1.877),Violent,28,28,-472
FURI0110 P. Furius (69) Medullinus Fusus,Violent,61,61,-464
CLAU0141 C. Claudius (322) Ap. f. M. n. Crassus Inregillensis Sabinus,Violent,40,40,-460
VALE0051 P. Valerius (301) P. f. Volus. n. Poplicola,Violent,65,65,-460
CLAU0113 Ap. Claudius (123) Ap. f. M. n. Crassinus Inregillensis Sabinus,Violent,76,76,-449
SICC0161 L. Siccius (3) Dentatus 'Achilles Romanus',Violent,65,65,-449
OPPI0178 Sp. Oppius (27) Cornicen,Violent,51,51,-449
FULC0233 C. Fulcinnius (1),Violent,37,37,-438
CLOE0234 -. Cloelius (6) Tullus,Violent,37,37,-438
ANTI0235 Sp. Antius (6),Violent,37,37,-438
ROSC0236 L. Roscius (4),Violent,37,37,-438
"POST0307 P. Postumius (60, cf. 1, 51) A. f. A. n. Albinus Regillensis",Violent,36,36,-414
SEXT0309 P. Sextius (Sestius 5),Violent,36,36,-414
GENU0360 Cn. Genucius (10) M. f. M. n. Augurinus,Violent,54,54,-396
"FOLI0402 M. Folius (1, 2) M. f. (Flaccinator)",Violent,60,60,-390
FABI0396 Q. Fabius (48) M. f. Q. n. Ambustus,Violent,36,36,-389
MANL0391 M. Manlius (51) T. f. A. n. Arn. Sab. Tro. Ste. Capitolinus,Violent,41,41,-384
GENU0489 L. Genucius (14) M. f. Cn. n. Aventinensis,Violent,38,38,-362
DECI0515 P. Decius (15) Q. f. Mus,Violent,37,37,-340
MANL0536 T. Manlius (cf. 57 or 81) (Torquatus),Violent,35,35,-340
MINU0545  Minucia (68),Violent,13,13,-337
AULI0571 Q. Aulius (2) Q. f. Q. n. Cerretanus,Violent,60,60,-315
MINU0614 Ti. Minucius (34) Augurinus,Violent,45,45,-305
DECI0596 P. Decius (16) P. f. Q. n. Mus,Violent,45,45,-295
OPIM0648 L. Opimius (12) Pansa,Violent,31,31,-294
CAEC0673 L. Caecilius (92) Metellus Denter,Violent,58,58,-283
CORN0674 P. Cornelius (139) Dolabella,Violent,43,43,-282
VALE0679 L. Valerius (59) (Flaccus),Violent,43,43,-282
DECI0685 P. Decius (17) P. f. P. n. Mus,Violent,46,46,-279
SEXT0693  Sextilia (31),Violent,27,27,-273
CAPA4639  Caparronia (not in RE),Violent,9,9,-266
FABI0709 Q. Fabius (cf. 112) Q. f. Q. n. Maximus Gurges,Violent,35,35,-265
CORN0723 Cn. Cornelius (341) L. f. Cn. n. Scipio Asina,Violent,40,40,-260
ATIL0703 M. Atilius (51) M. f. L. n. Pup. Regulus,Violent,50,50,-250
IUNI0753 L. Iunius (133) C. f. L. n. Pullus,Violent,51,51,-249
CORU0800 L. Coruncanius (2),Violent,45,45,-230
IUNI0801 P. Iunius (26),Violent,45,45,-230
ATIL0813 C. Atilius (48) M. f. M. n. Regulus,Violent,38,38,-225
FABI4234 -. Fabius (51) Buteo,Violent,80,80,-220
FLAM0989 C. Flaminius (3) C. f. C. n.,Violent,18,18,-218
FLAM0793 C. Flaminius (2) C. f. L. n.,Violent,44,44,-217
SEMP0860 Ti. Sempronius (32) Blaesus,Violent,33,33,-217
CENT0861 C. Centenius (1),Violent,33,33,-217
POST0788 L. Postumius (40) A. f. A. n. Albinus,Violent,59,59,-216
ATIL0806 M. Atilius (52) M. f. M. n. Regulus,Violent,47,47,-216
MINU0820 M. Minucius (52) C. f. C. n. Rufus,Violent,59,59,-216
AEMI0826 L. Aemilius (118) M. f. M. n. Paullus,Violent,34,34,-216
SERV0852 Cn. Servilius (61) P. f. Q. n. Geminus,Violent,41,41,-216
ATIL0875 L. Atilius (13),Violent,34,34,-216
FURI0876 L. Furius (35) Bibaculus,Violent,34,34,-216
CANT0892 L. Cantilius (1),Violent,34,34,-216
FLOR0893  Floronia (1),Violent,34,34,-216
OPIM0894  Opimia (14),Violent,34,34,-216
"ATIL0964 L. Atilius (15, cf. 13, 14, 16)",Violent,9,9,-216
SEMP0866 Ti. Sempronius (51) Ti. f. Ti. n. Gracchus,Violent,38,38,-212
CORN0817 Cn. Cornelius (345) L. f. L. n. Scipio Calvus,Violent,45,45,-211
CORN0832 P. Cornelius (330) L. f. L. n. Scipio,Violent,44,44,-211
CLAU0858 Ap. Claudius (293) P. f. Ap. n. Pulcher,Violent,36,36,-211
FULV0904 Cn. Fulvius (43) Cn. f. Cn. n. Centumalus,Violent,35,35,-210
QUIN0974 D. Quinctius (7),Violent,40,40,-210
LICI3749 M. Licinius (20),Violent,41,41,-209
AULI1004 M'. Aulius (1),Violent,42,42,-208
CLAU0810 M. Claudius (220) M. f. M. n. Marcellus,Violent,62,62,-208
QUIN0916 T. Quinctius (38) L. f. L. n. Crispinus,Violent,42,42,-208
MANL0998 A. Manlius (11),Violent,42,42,-208
MATI1027 P. Matienus (5),Violent,45,45,-205
SERG1029 M. Sergius (19),Violent,45,45,-205
COSC1045 M. Cosconius (7),Violent,47,47,-203
HELV1046 C. Helvius (1),Violent,29,29,-203
MAEV1047 M. Maevius (4),Violent,47,47,-203
AMPI1069 C. Ampius (not in RE),Violent,49,49,-201
IUVE1106 T. Iuventius (9) (Thalna),Violent,53,53,-197
LIGU1107 Cn. Ligurius (2),Violent,53,53,-197
CLAU1119 P. Claudius (28),Violent,54,54,-196
IUNI1123 M. Iunius (168) Silanus,Violent,54,54,-196
SEMP1124 T. (or Ti.) Sempronius (60) Gracchus,Violent,54,54,-196
OGUL0973 M. Ogulnius (3),Violent,54,54,-196
POST1143 L. Postumius (65) Tympanus,Violent,31,31,-194
ATIN1145 M. Atinius (5),Violent,31,31,-194
SEMP1146 P. Sempronius (11),Violent,31,31,-194
GENU1160 M. Genucius (7),Violent,32,32,-193
MARC1161 M. Marcius (21),Violent,32,32,-193
MARC1162 Q. Marcius (21),Violent,32,32,-193
"APUS1088 L. Apustius (2,  5) (Fullo)",Violent,41,41,-190
"BAEB1052 L. Baebius (14, 25) Dives",Violent,61,61,-189
MINU1064 Q. Minucius (65) Q. f. L. n. Thermus,Violent,41,41,-187
"ATIN1220 C. Atinius (1, 2)",Violent,39,39,-186
VIBE0677 Decius Vibellius (1) Campanus,Violent,143,143,-182
LICI1305 M. Licinius (166) Strabo,Violent,47,47,-178
"PETI1219 Q. Petillius (11, cf. 4) C. f. Q. n. Spurinus",Violent,43,43,-176
FULV1242 Q. Fulvius (61) Q. f. M. n. Flaccus,Violent,47,47,-172
OCTA1356 Cn. Octavius (17) Cn. f. Cn. n.,Violent,47,47,-162
POST1406 L. Postumius (42) Sp. f. L. n. Albinus,Violent,45,45,-154
TERE1486 -. Terentius (77) Varro,Violent,46,46,-154
CLAU4213 -. Claudius (60) Asellus,Violent,96,96,-154
LICI4214  Licinia (178),Violent,96,96,-154
IUVE1507 P. Iuventius (31) Thalna,Violent,52,52,-148
VETI1522 C. Vetilius (1),Violent,54,54,-146
HOST1562 L. Hostilius (26) Tubulus,Violent,34,34,-141
IUNI1566 D. Iunius (161) Silanus Manlianus,Violent,35,35,-140
OPPI1571 -. Oppius (3),Violent,35,35,-140
SEMP1525 Ti. Sempronius (54) Ti. f. P. n. Gracchus,Violent,29,29,-133
SEMP1598 C. Sempronius (47) Ti. f. P. n. Gracchus,Violent,33,33,-121
FULV1624 M. Fulvius (58) M. f. Flaccus,Violent,47,47,-121
POMP1675 Sex. Pompeius (17),Violent,40,40,-120
PAPI1623 C. Papirius (33) C. f. Carbo,Violent,44,44,-119
AEMI1698  Aemilia (153),Violent,26,26,-114
LICI4171 -. Licinius (6) Crassus,Violent,86,86,-114
LICI1646  Licinia (181) C. f.,Violent,27,27,-113
MARC1700  Marcia (114),Violent,37,37,-113
CALP1713 L. Calpurnius (97) Piso Frugi,Violent,39,39,-111
TURP1735 T. Turpilius (10) Silanus,Violent,41,41,-109
CALP1712 L. Calpurnius (88) L. f. C. n. Piso Caesoninus,Violent,43,43,-107
CASS1715 L. Cassius (62) L. f. Longinus,Violent,43,43,-107
AURE1683 M. Aurelius (215) Scaurus,Violent,45,45,-105
LUSI1769 C. Lusius (1) Ter.,Violent,46,46,-104
CLON4560 -. Clonius (or Cluvius) (not in RE),Violent,46,46,-104
AEMI1783 M. Aemilius (137) Scaurus,Violent,48,48,-102
GRAT1786 M. Gratidius (2) Cor.,Violent,48,48,-102
"MEMM1595 C. Memmius (5, 3)",Violent,43,43,-100
SERV1734 C. Servilius (65) Glaucia,Violent,42,42,-100
APPU1766 L. Appuleius (29) Saturninus,Violent,33,33,-100
EQUI1803 L. Equitius (3) Vel. 'Pseudogracchus',Violent,50,50,-100
SAUF1809 C. Saufeius (3),Violent,50,50,-100
CORN3383 Cn. Cornelius (133) Dolabella,Violent,50,50,-100
FURI1804 P. Furius (22),Violent,52,52,-98
LIVI1756 M. Livius (18) M. f. C. n. Drusus,Violent,28,28,-91
FONT1884 -. Fonteius (2),Violent,34,34,-91
SERV1796 Q. Servilius (50) Caepio,Violent,41,41,-90
RUTI1837 P. Rutilius (26) L. f. L. n. Lupus,Violent,35,35,-90
SERV1849 Q. Servilius (29),Violent,35,35,-90
POST1874 L. Postumius (13),Violent,35,35,-90
"POST1728 A. Postumius (33, cf. 32, 34) Albinus",Violent,53,53,-89
DIDI1776 T. Didius (5) T. f. Sex. n.,Violent,61,61,-89
PORC1841 L. Porcius (7) M. f. M. n. Pap. Cato,Violent,61,61,-89
SEMP1894 A. Sempronius (17) Asellio,Violent,36,36,-89
"GABI1920 A. Gabinius (9, cf. 8)",Violent,36,36,-89
AQUI1757 M'. Aquillius (11) M'. f. M'. n.,Violent,62,62,-88
POMP1805 Q. Pompeius (39) Q. f. A.? n. Rufus,Violent,41,41,-88
SULP1886 P. Sulpicius (92) (Rufus),Violent,36,36,-88
GRAT1933 M. Gratidius (1) Cor.,Violent,37,37,-88
POMP3866 Q. Pompeius (40) Rufus,Violent,87,87,-88
ANTO1705 M. Antonius (28) M. f. M. n.,Violent,56,56,-87
LUTA1731 Q. Lutatius (7) Q. f. Catulus,Violent,62,62,-87
LICI1780 P. Licinius (61) M. f. P. n. Crassus (Dives),Violent,63,63,-87
IULI1798 C. Iulius (135) L. f. Caesar Strabo Vopiscus,Violent,43,43,-87
CORN1872 L. Cornelius (272) Merula,Violent,43,43,-87
OCTA1873 Cn. Octavius (20) Cn. f. Cn. n.,Violent,43,43,-87
CORN1883 P. Cornelius (203) Lentulus,Violent,38,38,-87
AEBU1913 D. Aebutius (3) D. f. Cor.,Violent,38,38,-87
ANCH1928 Q. Ancharius (2),Violent,38,38,-87
MILO1941 C. Milonius (2),Violent,38,38,-87
COEL1956 P. Coelius (Caelius 16) Caldus,Violent,38,38,-87
LICI3868 -. Licinius (50) Crassus Dives,Violent,88,88,-87
LUCI1938 Sex. Lucilius (15),Violent,39,39,-86
CAEL3755 -. Caelius (not in RE),Violent,39,39,-86
VALE1802 L. Valerius (178) C.? f. L. n. Flaccus,Violent,50,50,-85
FLAV1946 C. Flavius (88) Fimbria,Violent,30,30,-85
CORN1871 L. Cornelius (106) L. f. L. n. Cinna,Violent,41,41,-84
FABI1964 C. Fabius (82) C. f. Q. n. Mae. Hadrianus,Violent,67,67,-83
MUCI1692 Q. Mucius (22) P. f. P. n. Scaevola 'Pontifex',Violent,58,58,-82
NORB1777 C. Norbanus (5) (Balbus),Violent,68,68,-82
DOMI1816 L. Domitius (26) Cn. f. Cn. n. Ahenobarbus,Violent,68,68,-82
PAPI1835 C. Papirius (40) C. f. Carbo Arvina,Violent,42,42,-82
PAPI1843 Cn. Papirius (38) Cn. f. C. n. Carbo,Violent,47,47,-82
IUNI1929 M. Iunius (51) Brutus,Violent,43,43,-82
MARI1940 M. Marius (42) Cor. Gratidianus,Violent,43,43,-82
MARC1947 C. Marcius (43) Censorinus,Violent,29,29,-82
CARR1977 C. Carrinas (1),Violent,43,43,-82
MARI1983 C. Marius (15) C. f. C. n.,Violent,26,26,-82
COEL1995 C. Coelius (6) Antipater,Violent,43,43,-82
FLAV1996 -. Flavius (86) Fimbria,Violent,43,43,-82
LUCR2003 Q. Lucretius (25) Afella (or Ofella),Violent,42,42,-82
VENU2004 -. Venuleius (1),Violent,43,43,-82
PLAE3234 M. Plaetorius (11),Violent,43,43,-82
LAET5098 P. Laetorius (cf. Plaetorius 11),Violent,43,43,-82
LOLL5137 -. Lollius (2),Violent,68,68,-82
ANTI0842 M. Antistius (15),Violent,168,168,-82
DOMI1991 Cn. Domitius (22) Ahenobarbus,Violent,44,44,-81
"LIVI2018 L. Livius (31, Iulius 453) Salinator",Violent,44,44,-81
"BURR1970 P.? Burrenus (Burrienus 1, and RE 3.1070)",Violent,45,45,-80
IUNI1980 L. Iunius (58) L. f. Gal. Brutus Damasippus,Violent,45,45,-80
VALE1989 Q. Valerius (345) Rom. Soranus,Violent,45,45,-80
PAPI2011 C. Papirius (34) (Cn. f.) Carbo,Violent,45,45,-80
DOMI2022 M. Domitius (44) Calvinus,Violent,45,45,-80
VIBI3526 C. Vibius (15) C. f. Pansa,Violent,45,45,-80
LUCR3899 Q. Lucretius (35) Vespillo,Violent,45,45,-80
ALFE4126 Sex. Alfenus (1),Violent,45,45,-80
SERG4265 M.? Sergius (1) (Catilina?),Violent,70,70,-80
CURT4412 C. Curtius (1),Violent,70,70,-80
AURI4546 A. Aurius (2) Clu. Melinus,Violent,45,45,-80
CAEC4547 Q. Caecilius (21),Violent,45,45,-80
TANU4555 L. Tanusius (1),Violent,45,45,-80
TITI4556 Cn. Titinius (2),Violent,45,45,-80
VOLU4557 M. Volumnius (5),Violent,45,45,-80
"BAEB5095 -. Baebius (not in RE, cf. 17)",Violent,45,45,-80
CONS5096 L. Considius (4),Violent,45,45,-80
DOMI5097 -. Domitius (not in RE),Violent,45,45,-80
PAPI5100 C. Papius (12) Mutilus,Violent,45,45,-80
SALT5101 Sex. Saltius (Saltius),Violent,45,45,-80
"MAMM5138 -. Mammius (Mamius 1, cf. Memmius 6, 13, 14)",Violent,70,70,-80
MARI5139 -. Marius (2),Violent,70,70,-80
NANN5141 -. Nanneius (Nanneius),Violent,70,70,-80
AURI5145 A. Aurius (3),Violent,70,70,-80
ANTI5149 L. Antistius (1),Violent,70,70,-80
AURI5150 L. Aurius (4) (Melinus),Violent,70,70,-80
LAMP5152 M. Lamponius (Lamponius),Violent,45,45,-80
AURE5154 Q. Aurelius (26),Violent,70,70,-80
VIBI5156 Sex. Vibius (6),Violent,70,70,-80
THOR2034 L. Thorius (4) Mae. Balbus,Violent,71,71,-79
VALE3113 L. Valerius (310) Praeconinus,Violent,47,47,-78
IUNI1973 M. Iunius (52) Brutus,Violent,40,40,-77
LAEL2056 D. Laelius (5),Violent,48,48,-77
CORN3869 L. Cornelius (327) Scipio Asiagenus Aemilianus,Violent,48,48,-77
SICI2052 Cn. Sicinius (9),Violent,33,33,-76
HIRT1960 -. Hirtuleius (1),Violent,50,50,-75
"MEMM2020 C. Memmius (6, 7) L. f. Gal.",Violent,50,50,-75
HERE2024 C. Herennius (7),Violent,50,50,-75
HIRT2033 L. Hirtuleius (3) L. f.,Violent,50,50,-75
HIRT3707 Q. Hirtuleius (4) L. f. Ser.,Violent,50,50,-75
MARI2053 M. Marius (23),Violent,52,52,-73
COSS2100 L. Cossinius (2) Lem.,Violent,52,52,-73
PERP1986 M. Perperna (6) Veiento,Violent,53,53,-72
PERP5106 -. (Perperna) (cf. 6),Violent,53,53,-72
SERT1818 Q. Sertorius (3) Qui.,Violent,52,52,-71
FABI2013 L. Fabius (84) L. f. Hispaniensis,Violent,54,54,-71
OCTA2057 C. Octavius (55) Graecinus,Violent,54,54,-71
TARQ2058 C. Tarquitius (8) L. f. Fal. Priscus,Violent,54,54,-71
ANTO2146 M. Antonius (not in RE),Violent,54,54,-71
MAEC2148 -. Maecenas (2),Violent,54,54,-71
MANL2149 M. Manlius or Mallius (Manlius 5),Violent,54,54,-71
VERS5107 -. Versius (1),Violent,54,54,-71
ATTI3151 -. Attidius (Atidius 2),Violent,58,58,-67
LICI2103 C. Licinius (112) L. f. Macer,Violent,42,42,-66
CALP2274 Cn. Calpurnius (69) Piso,Violent,36,36,-64
CORN2012 P. Cornelius (240) P. f. P. n. Lentulus Sura,Violent,51,51,-63
CORN3165 C. Cornelius (89) Cethegus,Violent,37,37,-63
SERG1998 L. Sergius (23) Tro. Catilina,Violent,63,63,-62
AURU2369 L. Aurunculeius (6) Cotta,Violent,46,46,-54
TITU2371 Q. Titurius (3) Ser. Sabinus,Violent,46,46,-54
LABE2446 Q. Laberius (6) Durus,Violent,46,46,-54
LICI1981 M. Licinius (68) P. f. M. n. Crassus,Violent,62,62,-53
LICI2372 P. Licinius (63) M. f. (P.? n.) Crassus,Violent,29,29,-53
PETR2447 -. Petronius (84),Violent,47,47,-53
OCTA2451 -. Octavius  (5),Violent,47,47,-53
VARG2452 -. Vargunteius (1),Violent,47,47,-53
"MARC2464 -. (Marcius) (42, cf. 43) Censorinus",Violent,32,32,-53
MEGA2465 -. Megabocchus (1),Violent,32,32,-53
CLOD2219 P. Clodius (48) Ap. f. Pal. Pulcher,Violent,39,39,-52
VIBI3280 C. Vibienus (3),Violent,48,48,-52
FUFI4421 C. Fufius (12) Cita,Violent,48,48,-52
LUCI2502 Sex. Lucilius (16),Violent,49,49,-51
SCRI2443 C. Scribonius (11) C. f. C. n. Curio,Violent,51,51,-49
VULT2549 C. Vulteius (Vulteius) Capito,Violent,51,51,-49
POMP1976 Cn. Pompeius (31) Cn. f. Sex. n. Clu. Magnus,Violent,58,58,-48
"SEPT2242 L. Septimius (9, 10a)",Violent,52,52,-48
DOMI2264 L. Domitius (27) Cn. f. Cn. n. Fab. Ahenobarbus,Violent,50,50,-48
CORN2356 L. Cornelius (218) P. f. L. n. Pal. Lentulus Crus,Violent,50,50,-48
ANNI2381 T. Annius (67) Mae. Milo = T. Papius Milo,Violent,52,52,-48
CAEL2417 M. Caelius (35) Vel. Rufus,Violent,34,34,-48
CORN2572 P. Cornelius (232) Lentulus Marcellinus,Violent,52,52,-48
IUST3743 -. Iustuleius (10.1340),Violent,52,52,-48
FELG4550 C. Felginas (Felginas) Vot.,Violent,52,52,-48
GRAN4551 A. Granius (2) Fal.,Violent,52,52,-48
CORN2290 P. Cornelius (238) P. f. L. n. Lentulus Spinther,Violent,53,53,-47
COSC2348 C. Cosconius (5) C. f.,Violent,53,53,-47
AFRA2074 L. Afranius (6) A. f. Vel.,Violent,79,79,-46
PORC2241 M. Porcius (16) M. f. M. n. Pap. Cato (Uticensis),Violent,49,49,-46
PETR2280 M. Petreius (3) Hor.,Violent,46,46,-46
CORN2300 Faustus Cornelius (377) L. f. L. n. Sulla,Violent,43,43,-46
CAEC2347 Q. Caecilius (99) Q. f. Q. n. Fab. Metellus Pius Scipio = P. Cornelius (352) Scipio Nasica,Violent,49,49,-46
CONS2359 C. Considius (11) Longus,Violent,54,54,-46
"IULI2374 Sex. Iulius (152, 153) Caesar",Violent,37,37,-46
IULI2559 L. Iulius (144) L. f. L. n. Caesar,Violent,54,54,-46
TITI2576 L.? Titius (13) L. f. Hispanus,Violent,54,54,-46
GRAN2610 -. Granius (9) Fal. Petro,Violent,54,54,-46
TITI2617 -. Titius (cf. 13) L. f. Hispanus,Violent,54,54,-46
CORN2774 Q. Cornucius (8),Violent,54,54,-46
POMP3934  Pompeia (54),Violent,79,79,-46
POMP2253 Cn. Pompeius (32) Cn. f. Cn. n. Magnus,Violent,55,55,-45
LABI2292 T. Labienus (6) Vel. 'Rabienus',Violent,55,55,-45
CLAU2398 M. Claudius (229) M. f. M. n. Marcellus,Violent,50,50,-45
ATTI2455 P. Attius (32) Varus,Violent,55,55,-45
DIDI2619 C. Didius (2),Violent,55,55,-45
CURT3443 P. Curtius (10) (Salassus),Violent,55,55,-45
IULI1957 C. Iulius (131) C. f. C. n. Fab. Caesar,Violent,56,56,-44
BAEB2645 -. Baebius (5),Violent,56,56,-44
"HELV2681 C. Helvius (11, cf. 12) Fab. Cinna",Violent,31,31,-44
TULL2072 M. Tullius (29) M. f. M. n. Cor. Cicero,Violent,63,63,-43
TULL2216 Q. Tullius (31) M. f. M. n. Cor. Cicero,Violent,59,59,-43
IUVE2308 M. Iuventius (16) (M. f.) Pap. Laterensis,Violent,57,57,-43
TREB2336 C. Trebonius (6) C. f.,Violent,57,57,-43
VILL2358 L. Villius (7) Pom. Annalis,Violent,57,57,-43
ATEI2422 C. Ateius (7) C. f. Capito,Violent,57,57,-43
HIRT2449 A. Hirtius (2) A. f. Pob.,Violent,36,36,-43
"IUNI2489 D. Iunius (55a, Supb. 5.369) D. f. D. n. Brutus Albinus",Violent,57,57,-43
VIBI2495 C. Vibius (16) C. f. C. n. Tro. Pansa Caetronianus,Violent,46,46,-43
CORN2515 P. Cornelius (141) P. f. Dolabella = P. Cornelius Lentulus,Violent,26,26,-43
GALL2605 Q. Gallius (7),Violent,57,57,-43
TULL2632 Q. Tullius (32) Q. f. M. n. Cicero,Violent,23,23,-43
PONT2637 L. Pontius (17) Pap. Aquila,Violent,57,57,-43
TURR2669 C. Turranius (4),Violent,32,32,-43
CANN2677 Ti. Cannutius (3),Violent,32,32,-43
CARF2678 D. Carfulenus (1),Violent,57,57,-43
CAEC2709 M. Caecilius (45) Cornutus,Violent,32,32,-43
"MINU2712 -. Minucius (9, cf. 50) Rufus",Violent,32,32,-43
SALV2718 -. Salvius (6),Violent,32,32,-43
PEDU2752 C. Peducaeus (1),Violent,32,32,-43
DECI3183 P. Decius (1),Violent,32,32,-43
SILI3262 P. Silicius (1) Corona,Violent,32,32,-43
STAT3267 -. Statius (1) Vol. 'the Samnite',Violent,80,80,-43
CAES3339 P. Caesetius (5) Rufus,Violent,32,32,-43
ANON3426 -. - (not in RE) Cillo (or Chilo?),Violent,32,32,-43
HELV3703 -. Helvius (10) Blasio,Violent,32,32,-43
"PLAU3775 L. Plautius (Plotius) (10, cf. Munatius 26) Plancus",Violent,57,57,-43
ARRU4697 -. Arruntius (2),Violent,57,57,-43
AEMI5108 -. Aemilius (not in RE) (Lepidus or Scaurus),Violent,32,32,-43
LABI5110 -. Labienus (2),Violent,82,82,-43
FULV5136 -. Fulvius (3),Violent,57,57,-43
FAVO2352 M. Favonius (1) Ouf.,Violent,48,48,-42
CORN2394 P. Cornelius (239) P. f. Lentulus Spinther,Violent,33,33,-42
CASS2458 C. Cassius (59) Longinus,Violent,40,40,-42
IUNI2459 M. Iunius (53) M. f. Brutus = Q. Servilius Caepio Brutus,Violent,43,43,-42
ANTO2497 C. Antonius (20) M. f. M. n.,Violent,38,38,-42
LIVI2520 M. Livius (19) Drusus (Claudianus),Violent,58,58,-42
QUIN2542 Sex. Quinctilius (17) Varus,Violent,58,58,-42
HORT2554 Q. Hortensius (8) Q. f. L. n. Hortalus,Violent,58,58,-42
CORN2573 Q. Cornificius (8) Q. f. Mae.,Violent,48,48,-42
TERE2611 M. Terentius (89) Varro Gibba,Violent,58,58,-42
POMP2633 A. Pompeius (26) Bithynicus,Violent,58,58,-42
CASS2742 L. Cassius (15) L. f. Longinus,Violent,33,33,-42
FLAV2744 C. Flavius (11) Hemicillus,Violent,33,33,-42
PORC2754 M. Porcius (13) Pap. Cato,Violent,33,33,-42
VILL2768 -. Villius (4) L. f. Annalis,Violent,33,33,-42
"LAEL2775 D. Laelius (14, cf. 6) D. f. Balbus",Violent,33,33,-42
ANTI2778 Pacuvius Antistius (35) Labeo,Violent,33,33,-42
VENT2791 -. Ventidius (3),Violent,33,33,-42
ROSC2797 -. Roscius (2),Violent,33,33,-42
PETR3772 -. Petronius (85),Violent,33,33,-42
VOLU4558 -. Volumnius (9),Violent,33,33,-42
TERE5127 M. Terentius (Licinius 110) Varro Lucullus,Violent,33,33,-42
ATIL5134 -. Atilius (6),Violent,58,58,-42
VERR1967 C. Verres (1) Rom.,Violent,84,84,-41
TORA2106 C. Toranius (4),Violent,84,84,-41
LUCC2225 L. Lucceius (6) Q. f.,Violent,59,59,-41
QUIN2376 Sex. Quinctilius (4) Varus,Violent,59,59,-41
SEPT2377 C. Septimius (7) Qui. T. f.,Violent,59,59,-41
LIGA2442 T. Ligarius (5) Ser.,Violent,59,59,-41
CEST2662 C. Cestius (3),Violent,34,34,-41
"ANON2667 P. - (RE 16.1792 (1), no. 4) Naso",Violent,59,59,-41
CAES2701 -. Caesennius (6) Lento,Violent,59,59,-41
AQUI2708 M'. Aquillius (16) Crassus,Violent,34,34,-41
CURT2817 Q. Curtius (32) Salassus,Violent,34,34,-41
FIDU3465 M. Fidustius (1) Ste.,Violent,84,84,-41
HATE3702 -. Haterius (1),Violent,34,34,-41
OCTA3758 C. Octavius (44) Balbus,Violent,34,34,-41
OCTA4346 -. Octavius (B) C. f. Balbus,Violent,34,34,-41
VETT4597 -. Vettius (not in RE) Salassus,Violent,59,59,-41
EGNA4691 -. Egnatius (6),Violent,34,34,-41
EGNA4692 -. Egnatius (6),Violent,34,34,-41
ARRU4698 -. Arruntius (cf. 2),Violent,59,59,-41
VETU4701 -. Vetulinus (not in RE) Vetulinus,Violent,34,34,-41
LIGA5111 -. Ligarius (1),Violent,34,34,-41
ANON5132 -. - (2) Largus,Violent,59,59,-41
LIGA5147 C. Ligarius (not in RE),Violent,34,34,-41
"APON5153 Q. Aponius (1, cf. 6)",Violent,59,59,-41
DECI2679 L. Decidius (4) Saxa,Violent,35,35,-40
CLOD2769 L.? Clodius (18) Bithynicus,Violent,35,35,-40
SALV2788 Q. Salvidienus (4) Rufus Salvius,Violent,35,35,-40
FUFI2807 C. Fuficius (5) Fal. Fango,Violent,35,35,-40
VELL2836 C. Velleius (2),Violent,60,60,-40
QUIN3242 L. Quinctius (13),Violent,35,35,-40
FLAV3468 C. Flavius (13),Violent,35,35,-40
STAI2588 L. Staius (2) Vol. Murcus,Violent,61,61,-39
LABI2777 Q. Labienus (5) T. f. Parthicus,Violent,36,36,-39
POMP2854 -. Pompeius (Demochares 7) Demochares Papias,Violent,39,39,-36
FLAV2870 -. Flavius (94) Gallus,Violent,39,39,-36
OPPI2874 -. Oppius (34) Statianus,Violent,39,39,-36
POMP2254 Sex. Pompeius (33) Cn. f. Cn. n. Magnus Pius,Violent,35,35,-35
POMP2832 Cn.? Pompeius (Menodorus 1) Cn. lib. Menodorus,Violent,40,40,-35
CURI2892 -. Curius (3),Violent,40,40,-35
POST3245 Q. Postumius (21),Violent,44,44,-31
OVIN3763 Q. Ovinius (2),Violent,44,44,-31
ANTO2392 M. Antonius (30) M. f. M. n.,Violent,53,53,-30
PATI2578 Q. Patisius (1),Violent,70,70,-30
"AQUI2618 M. Aquinus (5, Aquinius 2)",Violent,70,70,-30
TURU2692 D. Turullius (1),Violent,45,45,-30
CASS2723 C. Cassius (80) Pol. Parmensis,Violent,45,45,-30
PATI2728 Q. Patiscus (1),Violent,45,45,-30
SERV4304  Servilia (104),Violent,95,95,-30
ANON4722  - (Kleopatra 20) Philopater,Violent,39,39,-30
OCTA5122 C. Octavius (not in RE),Violent,45,45,-30
"UTTI2978 -. Uttiedius (Tedius 1, RE 5A.1.106-7) L. f. Afer",Violent,46,46,-29
CORN2816 C. Cornelius (164) Cn. f. Gallus,Violent,43,43,-26
AELI1006 P. Aelius (101) Q. f. P. n. Paetus,Normal,65,65,-174
CORN1023 L. Cornelius (188) L. f. L. n. Lentulus,Normal,52,52,-173
AEMI1024 L. Aemilius (109) Papus,Normal,53,53,-172
VETU1031 Ti. Veturius (22) L. f. L. n. Philo,Normal,46,46,-204
QUIN1041 P. Quinctilius (12) P. f. Varus,Normal,81,81,-169
FABI1053 Q. Fabius (104) Q. f. Q. n. Maximus,Normal,23,23,-196
SULP1060 C. Sulpicius (49) Galba,Normal,31,31,-199
AEMI1067 M. Aemilius (68) M. f. M. n. Lepidus,Normal,78,78,-152
GENU0108 Cn. Genucius (4),Normal,52,52,-473
PORC1084 P. Porcius (19) Pap. Laeca,Normal,86,86,-164
CORN1090 Cn. Cornelius (346) Cn. f. L. n. Scipio Hispallus,Normal,44,44,-176
SEMP1092 C. Sempronius (90) Tuditanus,Normal,54,54,-196
"FABI1097 Q. Fabius (31, 57) (Buteo)",Normal,54,54,-196
CLAU1125 C. Claudius (300) Ap. f. P. n. Pulcher,Normal,53,53,-167
"MANL1128 P. Manlius (31, cf. Manilius 2) (Vulso)",Normal,95,95,-180
AEMI1134 L. Aemilius (114) L. f. M. n. Paullus Macedonicus,Normal,68,68,-160
SEMP1157 M. Sempronius (95) M. f. C. n. Tuditanus,Normal,51,51,-174
POST1170 Sp. Postumius (44) L. f. A. n. Albinus,Normal,39,39,-180
AEMI1185 M. Aemilius (129) (Regillus),Normal,35,35,-190
FABI1188 Q. Fabius (127) Q. f. Pictor,Normal,63,63,-167
CALP1222 C. Calpurnius (62) C. f. C. n. Piso,Normal,50,50,-180
"CLAU1229 M. Claudius (223, 224) M. f. M. n. Marcellus",Normal,61,61,-169
DECI1239 C. Decimius (9) Flavus,Normal,45,45,-184
SEMP1241 P. Sempronius (65) Longus,Normal,42,42,-183
POST0125 Sp. Postumius (52b) A. f. P. n. Albus Regillensis,Normal,86,86,-439
FURI0127 Sp. Furius (71) Medullinus Fusus,Normal,47,47,-453
MINU1277 Ti. Minucius (43) Molliculus,Normal,45,45,-180
SERV0129 P. Servilius (73) Sp. f. P. n. Priscus,Normal,37,37,-463
AEBU0130 L. Aebutius (11) T. f. T. n. Helva,Normal,37,37,-463
CLAU1318 M. Claudius (225) M. f. M. n. Marcellus,Normal,60,60,-148
"VALE0132 M'. Valerius (67, cf. 243) (Maximus)",Normal,37,37,-463
FURI1323 L. Furius (77) Philus,Normal,39,39,-170
FABI1341 N. Fabius (56) Buteo,Normal,52,52,-173
CORN1362 P. Cornelius (202) L. f. L. n. Lentulus,Normal,84,84,-121
DOMI1366 Cn. Domitius (19) Cn. f. L. n. Ahenobarbus,Normal,75,75,-125
IUVE1387 M'. Iuventius (30) T. f. T. n. Pap. Thalna,Normal,62,62,-163
CORN1396 P. Cornelius (353) P. f. Cn. n. Scipio Nasica Corculum,Normal,64,64,-141
CORN1415 L. Cornelius (324) Scipio,Normal,39,39,-161
SULP1417 Ser. Sulpicius (58) Ser. f. P. n. Galba,Normal,61,61,-130
FABI1422 Q. Fabius (109) Q. f. Q. n. Maximus Aemilianus,Normal,59,59,-130
CAEC1424 Q. Caecilius (94) Q. f. L. n. Metellus Macedonicus,Normal,75,75,-115
PORC1433 M. Porcius (14) M. f. M. n. Cato Licinianus,Normal,48,48,-152
CASS1439 Q. Cassius (69) L. f. Q. n. Longinus,Normal,36,36,-164
CLAU1452 Ap. Claudius (295) Cn. f. Ap. n. Pulcher,Normal,49,49,-130
FURI0146 -. (Furius?) (3.1968) Carve(tus),Normal,42,42,-458
CORN1465 L. Cornelius (224) Cn. f. L. n. Lentulus Lupus,Normal,75,75,-124
VALE1466 L. Valerius (174) L. f. P. n. Flaccus,Normal,47,47,-152
CLAU1481 C. Claudius (106) Centho,Normal,45,45,-155
LICI1500 P. Licinius (72) P. f. P. n. Crassus Dives Mucianus,Normal,39,39,-130
CORN1504 P. Cornelius (335) P. f. P. n. Scipio Africanus Aemilianus,Normal,56,56,-129
CORN1513 P. Cornelius (354) P. f. P. n. Scipio Nasica Serapio,Normal,48,48,-132
MUCI1567 P. Mucius (17) P. f. Q. n. Scaevola,Normal,66,66,-114
CORN1568 L. Cornelius (192) P. f. L. n. Lentulus,Normal,45,45,-130
CLAU1579 M. Claudius (26) (Marcellus),Normal,38,38,-137
RUPI1591 P. Rupilius (5) P. f. P. n.,Normal,54,54,-131
FABI1594 Q. Fabius (110) Q. Aemiliani f. Q. n. Maximus Allobrogicus,Normal,64,64,-100
RUTI1596 P. Rutilius (34) P. f.  Rufus,Normal,83,83,-75
PERP1600 M. Perperna (4) M. f. L. n.,Normal,46,46,-129
MUCI1613 Q. Mucius (21) Q. f. Q. n. Scaevola 'Augur',Normal,83,83,-87
QUIN0163 Sex. Quinctilius (15) Sex. f. P. n.,Normal,47,47,-453
"DOMI1630 Cn. Domitius (20, Supb. 3.349) Cn. f. Cn. n. Ahenobarbus",Normal,66,66,-103
OPIM1639 L. Opimius (4) Q. f. Q. n.,Normal,118,118,-57
AEMI1645 M. Aemilius (140) M. f. L. n. Cam. Scaurus,Normal,74,74,-88
CAEC1649 L. Caecilius (91) L. f. Q. n. Metellus Delmaticus,Normal,58,58,-103
HORA0165 C. (or M.) Horatius (13) M. f. M. n. Pulvillus,Normal,57,57,-453
LIVI1651 M. Livius (17) C. f. M. n. Drusus,Normal,46,46,-109
PORC1656 M. Porcius (10) M. f. M. n. Pap. Cato,Normal,57,57,-118
"MARI1660 C. Marius (14, Supb. 6) C. f. C. n. Cor.",Normal,72,72,-86
LICI1679 L. Licinius (55) L. f. C. n. Crassus,Normal,49,49,-91
CORN1695 P. Cornelius (355) P. f. P. n. Scipio Nasica Serapio,Normal,43,43,-111
CORN1746 L. Cornelius (392) L. f. P. n. Sulla Felix ('Epaphroditus'),Normal,60,60,-78
AURE1749 L. Aurelius (181) L. f. L. n. Orestes,Normal,47,47,-103
CLAU1753 C. Claudius (302) Ap. f. C. n. Pulcher,Normal,50,50,-91
DOMI1763 Cn. Domitius (21) Cn. f. Cn. n. Ahenobarbus,Normal,50,50,-89
POMP1767 Cn. Pompeius (45) Sex. f. Cn. n. Strabo 'Menogenes',Normal,45,45,-87
POMP1781 A. Pompeius (3),Normal,48,48,-102
MENE0018  Menenius (12) C. f. - n. Lanatus,Normal,57,57,-493
PORC1806 M. Porcius (12) Pap. Cato,Normal,32,32,-98
CLAU1807 Ap. Claudius (296) Ap. f. C. n. Pulcher,Normal,74,74,-76
SERV1814 P. Servilius (93) C. f. M. n. Vatia Isauricus,Normal,90,90,-44
"VALE1815 L. Valerius (176, 177) L. f. L. n. Flaccus",Normal,68,68,-71
PERP1826 M. Perperna (5) M. f. M. n.,Normal,99,99,-49
IULI1828 Sex. Iulius (151) C. f. L.? n. Caesar,Normal,35,35,-90
SEST1854 L. Sestius (2),Normal,94,94,-56
AEMI1865 Mam. Aemilius (80) Mam. f. Lepidus Livianus,Normal,60,60,-59
AURE1866 C. Aurelius (96) M. f. Cotta,Normal,51,51,-73
SCRI1876 C. Scribonius (10) C. f. Curio 'Burbuleius',Normal,66,66,-53
VARI1877 Q. Varius (7) Severus Hybrida Sucronensis,Normal,41,41,-83
CAEC1889 Q. Caecilius (98) Q. f. L. n. Metellus Pius,Normal,65,65,-64
HORT1902 Q. Hortensius (13) L. f. Hortalus,Normal,64,64,-50
LICI1903 L. Licinius (104) L. f. L. n. Lucullus Ponticus,Normal,61,61,-56
MINU1934 L. Minucius (37) L. f. Vel. Basilus,Normal,55,55,-70
LUTA1949 Q. Lutatius (8) Q. f. Q. n. Catulus,Normal,60,60,-59
"TERE1963 M. Terentius (84, Supb. 6.1172ff) Qui. Varro Reatinus",Normal,89,89,-27
PUPI1974 M. Pupius (10) M. f. Piso Frugi Calpurnianus,Normal,68,68,-46
ANTO1984 Q. Antonius (41) Balbus,Normal,43,43,-82
AEMI1993 M. Aemilius (72) Q. f. M. n. Pal. Lepidus,Normal,48,48,-77
VISE2027 C. Visellius (3) C. f. Qui. Varro,Normal,47,47,-58
CORN2035 L. Cornelius (374) Sisenna,Normal,51,51,-67
OCTA2036 L. Octavius (26) Cn. f. Cn. n.,Normal,51,51,-74
CAEC2040 Q. Caecilius (86) Q. f. Q. or L.? n. Metellus Celer,Normal,40,40,-59
PEDU2042 Sex. Peducaeus (5),Normal,80,80,-45
IULI2044 L. Iulius (143) L. f. L. n. Caesar,Normal,70,70,-40
CORN2048 -. Cornelius (318) Scipio,Normal,48,48,-77
MANL2049 Q. Manlius (34),Normal,56,56,-69
AUTR2070 P. Autronius (7) L. f. Paetus,Normal,62,62,-46
ANTO2077 M. Antonius (29) M. f. Creticus,Normal,54,54,-71
"CORN2082 Cn. Cornelius (228, 24) P. f. Lentulus Marcellinus",Normal,55,55,-45
SULP2088 Ser. Sulpicius (95) Q. f. Lem. Rufus,Normal,63,63,-43
ARRI2098 Q. Arrius (7) Aem.,Normal,53,53,-72
ACIL2119 M'. Acilius (38) M'. f. M'. n. Glabrio,Normal,57,57,-54
IUNI2120 D. Iunius (163) M. f. Silanus,Normal,51,51,-56
CLAU2140 Ap. Claudius (297) Ap. f. Ap. n. Pulcher,Normal,49,49,-48
CAEC2150 L. Caecilius (74) C. f. Q. n. Metellus,Normal,82,82,-68
MARC2151 Q. Marcius (92) Q. f. Q. n. Rex,Normal,64,64,-61
"SULP2179 P. Sulpicius (55, cf. 48) Galba",Normal,52,52,-47
MUCI2191 P. Mucius (18) Q. f. P. n. Scaevola Cordus,Normal,43,43,-57
QUIN2192 Sex. Quinctilius (16) (Varus),Normal,36,36,-64
VOLU2195 P. Volumnius (6),Normal,54,54,-56
CORN2196 L. Cornelius (234) Lentulus Niger,Normal,44,44,-56
MANL2198 L. Manlius (80) L. f. L. n. Torquatus,Normal,43,43,-46
MANL2205 L. Manlius (79) L. f. Torquatus,Normal,64,64,-46
MARC2226 C. Marcius (63) C. f. C. n. Figulus,Normal,56,56,-44
GABI2234 A. Gabinius (11) A. f. - n.,Normal,53,53,-47
PLAU2265 P. Plautius (23) Hypsaeus,Normal,56,56,-44
CALP2272 M. Calpurnius (28) C. f. Bibulus,Normal,54,54,-48
COSC2286 C. Cosconius (4),Normal,44,44,-59
VATI2297 P. Vatinius (3) P. f. Ser.,Normal,54,54,-41
SULP0023 Ser. Sulpicius (35) P. f. - n. Camerinus Cornutus,Normal,87,87,-463
DOMI2313 Cn. Domitius (43) M. f. M. n. Men. Calvinus,Normal,69,69,-20
SULP2316 Ser. Sulpicius (61) Ser. n. Galba,Normal,46,46,-43
FUFI2321 Q. Fufius (10) Q. f. C. n. Pob. Calenus,Normal,85,85,-40
AEMI2341 M. Aemilius (73) M. f. Q. n. Lepidus,Normal,77,77,-13
NIGI2349 P. Nigidius (3) Figulus,Normal,55,55,-45
CALP2366 C. Calpurnius (93) L. f. Piso Frugi,Normal,32,32,-57
PEDI2370 Q. Pedius (1) M. f.,Normal,57,57,-43
PINA2373 L. Pinarius (19) Natta,Normal,44,44,-56
CALI2375 M. Calidius (4),Normal,50,50,-47
FABI2379 Q. Fabius (108) Q. f. Q. n. Maximus (Sanga?),Normal,55,55,-45
CLAU2396 C. Claudius (216) C. f. M. n. Marcellus,Normal,60,60,-40
CLAU2397 C. Claudius (217) M. f. M. n. Marcellus,Normal,56,56,-44
CANI2401 L. Caninius (3) Pol. Gallus,Normal,56,56,-44
SALL2429 C. Sallustius (10) Qui. Crispus,Normal,51,51,-35
SERV0244 Q. Servilius (75) P. f. Sp. n. Ser. Priscus Fidenas,Normal,85,85,-390
CASS2481 Q. Cassius (70) Longinus,Normal,32,32,-47
LIGA2506 Q. Ligarius (4) Ser.,Normal,70,70,-30
FURN2521 C. Furnius (3),Normal,78,78,-17
ANTI2522 T. Antistius (22),Normal,53,53,-47
VALE2536 M. Valerius (268) M. f. Lem. Messalla Rufus,Normal,93,93,-26
ASIN2553 C. Asinius (25) Cn. f. Arn. Pollio,Normal,80,80,4
CLAU2571 Ti. Claudius (254) Ti. f. Ap. n. Nero,Normal,56,56,-33
POST0258 Sp. Postumius (52) Sp.? f. A.? n. Albus (Regillensis),Normal,71,71,-439
IULI2597 C. Iulius (132) C. f. C. n. Fab. Caesar Octavianus = C. Octavius C. f. Sca. Thurinus (or Caepias),Normal,77,77,14
TILL2634 L. Tillius (5) Cimber,Normal,70,70,-30
VENT2638 P. Ventidius (5) P. f. Fab. Bassus,Normal,61,61,-37
"SERV2686 -. (Servilius) (52, cf. 53) Casca",Normal,33,33,-42
OCTA2697 M. Octavius (71) Ser. Marsus,Normal,32,32,-43
DOMI2699 Cn. Domitius (23) L. f. Cn. n. Ahenobarbus,Normal,44,44,-31
SERV2720 P. Servilius (53) Casca Longus,Normal,33,33,-42
HORA2731 Q. Horatius (10) Flaccus,Normal,57,57,-8
CALP2739 L. Calpurnius (27) Bibulus,Normal,43,43,-32
CANI2741 P. Canidius (2) P. f.  Crassus,Normal,45,45,-30
LOLL2749 M. Lollius (11) Paullinus,Normal,73,73,-2
VALE2758 M. Valerius (261) M. f. M. n. Messalla Corvinus,Normal,77,77,13
VIPS2808 M. Vipsanius (2) L. f. Agrippa,Normal,52,52,-12
SEMP2823 L. Sempronius (26) L. f. L. n. Fal. Atratinus,Normal,80,80,7
MAEC2850 C. Maecenas (6) Pom.,Normal,67,67,-8
OCCI2857  Occia (3),Normal,58,58,19
OPPI2859 M. Oppius (15) M. f.,Normal,40,40,-35
AEMI2895 L. Aemilius (82) L. f. M. n. Tro. Lepidus Paullus,Normal,56,56,-13
VALE2913 M. Valerius (255) M. f. Messalla,Normal,60,60,-20
IUNI2929 L. Iunius (165) M. f. D. n. Silanus,Normal,47,47,-12
"AELI2943 C. (or L.) Aelius (103, cf. 148, 149) Tubero",Normal,34,34,-216
CEST2947 C. Cestius (7) L. f. Pob. Epulo,Normal,38,38,-12
SERV2973 C. Servilius (91) M. f. M. n. Vatia,Normal,64,64,-95
VALE0003 P. Valerius (302) Volus. f. - n. Poplicola,Normal,47,47,-503
CAEP3041 C. Caepasius (1),Normal,53,53,-48
"TULL3062 -. Tullius (49, cf. 9) Ste. Rufus",Normal,54,54,-46
PLAE3232 -. Plaetorius (19) Rustianus (or Cestianus),Normal,51,51,-49
IULI0325 C. Iulius (295) Sp. f. Vopisci n. Iullus,Normal,57,57,-393
CAEC3310 -. Caecilius (not in RE),Normal,45,45,-30
AUFU3311 C. Aufustius (not in RE),Normal,32,32,-43
ANNI3325 P. Annius (31) Asellus,Normal,50,50,-75
AQUI3328 -. Aquillius (19) Florus,Normal,44,44,-31
AQUI3329 -. Aquillius (cf. 19) (Florus?),Normal,94,94,-31
CLAU0335 Ap. Claudius (122) P. f. Ap. n. Crassus Inregillensis,Normal,101,101,-349
FURI0340 M. Furius (44) L. f. Sp. n. Camillus,Normal,83,83,-365
PUBL3505 C. Publicius (19) C. f. Malleolus,Normal,70,70,-80
IUVE3587 M.? Iuventius (not in RE) Laterensis,Normal,71,71,-54
VALE0037 M'. Valerius (243) Volus. f. Maximus,Normal,62,62,-463
POST0382 Sp. Postumius (61) Albinus Regillensis,Normal,45,45,-380
QUIN3824 L. Quinctius (42),Normal,53,53,-226
RUBR3831 -. Rubrius (23) Ruga,Normal,45,45,-30
FULV3865 Q. Fulvius (62) Flaccus,Normal,79,79,-121
CORN3873  Cornelia (413),Normal,82,82,-68
IULI3874  Iulia (547),Normal,19,19,-54
ATIA3884  Atia (34) maior,Normal,82,82,-43
PORC3890  Porcia (28),Normal,82,82,-43
FULV3893  Fulvia (113),Normal,85,85,-40
SCRI3902  Scribonia (31),Normal,89,89,-36
CLAU3911 M. Claudius (230) Marcellus,Normal,77,77,-23
AEMI3913 M. Aemilius (104) Lepidus,Normal,95,95,-30
SERV3917 Q. Servilius (40-42) Caepio,Normal,58,58,-67
LICI3918 M. Licinius (109) Lucullus,Normal,94,94,-56
TULL3928  Tullia (60),Normal,34,34,-45
CAEC3929  Caecilia (134) Metella,Normal,96,96,-79
IULI3948  Iulia (541),Normal,81,81,-69
LIVI3949  Livia (35),Normal,83,83,-92
CLAU3950 Ti. Claudius (Iulius 154) Nero,Normal,79,79,37
LICI3951 C. Licinius (113) Macer Calvus,Normal,29,29,-53
QUIN3952  Quinctilia (19),Normal,97,97,-53
IUNI3963  Iunia (206) Tertia,Normal,97,97,22
POMP3965 T. Pomponius (102) Atticus,Normal,78,78,-32
CAEC3978  Caecilia (124c),Normal,90,90,-42
CAEC3979 Q. Caecilius (23),Normal,42,42,-58
CAEC3980  Caecilia (78) Attica = Pomponia Attica,Normal,97,97,-28
CORN3987 -. Cornelius (B) Dolabella,Normal,76,76,-49
CORN3989 -. Cornelius (172a) Lentulus,Normal,80,80,-45
LUCR0004 Sp. Lucretius (30) T. ? f. - n. Tricipitinus,Normal,41,41,-509
LICI4000 P. Licinius (62) Crassus Dives,Normal,88,88,-87
PORC4012  Porcia (27),Normal,80,80,-45
LICI4080 M. Licinius (110) Lucullus,Normal,22,22,-42
TULL4081 L. Tullius (26) Cor. Cicero,Normal,82,82,-68
TULL4093 M. Tullius (28) Cor. Cicero,Normal,111,111,-64
TERE4103 M. Terentius (90) Varro Lucullus,Normal,94,94,-56
IUVE4119 -. Iuventius (A) Laterensis,Normal,96,96,-54
TREB4150 P. Trebonius (12),Normal,52,52,-73
IULI4174  Iulia (550),Normal,53,53,14
LIVI4192  Livia (37),Normal,87,87,29
CLAU4194 -. Claudius (139) Drusus,Normal,29,29,-9
DOMI4195 L. Domitius (28) Ahenobarbus,Normal,100,100,25
PAPI4201  Papiria (78),Normal,91,91,-159
AURE4258  Aurelia (248),Normal,96,96,-54
CLAU4311 -. Claudius (290) Pulcher,Normal,83,83,-42
FABI4328 -. Fabius (102) Maximus,Normal,60,60,14
SALL4329 C. Sallustius (11) Crispus,Normal,95,95,20
VALE4355 M. Valerius (264) Messalla Messallinus,Normal,57,57,21
AELI4530 L. Aelius (144) Mae. Stilo Praeconinus,Normal,80,80,-74
TREB4537 C. Trebatius (7) Testa,Normal,80,80,-4
VALE4538 C. Valerius (123) Catullus,Normal,30,30,-54
VETT4539 L. Vettius (6) Vel.,Normal,26,26,-63
LABE4542 D. Laberius (3),Normal,63,63,-43
PORC4543 M. Porcius (2) Pap. Cato,Normal,85,85,-149
ALBI4545 -. Albius (10) Clu. Oppianicus,Normal,56,56,-69
CORF4549 L. Corfidius (2) Clu.,Normal,56,56,-44
POMP4552 T. Pomponius (Supp. 8 T. Pomponius Atticus),Normal,37,37,-88
SPUR4607 M. Spurius (2),Normal,45,45,-30
COEL4646 P. Coelius (not in RE) P. f. Etruscus,Normal,54,54,-51
CORN4649 P. Cornelius (22) P. f. P. n. Scipio,Normal,25,25,-170
FUND4653 L. Fundilius (2),Normal,44,44,-56
HERE4657 M. Herennius (46) Siculus,Normal,79,79,-121
PAPI4665 C. Papirius (57) C. f. L. n. Maso,Normal,62,62,-213
"POMP4667 Cn. Pompeius (7, 112) Q. f. Arn.",Normal,84,84,14
"PUBL4669  Publicia (26, Publilia 16)",Normal,46,46,-154
VOLC4678 C. Volcatius (Vulcanius 1) C. f.,Normal,56,56,-44
DOMI4693  Domitia (102) Lepida,Normal,79,79,54
CORN4703 -. Cornelius (5),Normal,81,81,-44
POST0485 -. Postumius (59) Regillensis Albinus,Normal,35,35,-365
SEXT5126 -. Sextius (33) Naso,Normal,45,45,-30
ATIL5135 -. Atilius (cf. 6),Normal,83,83,-42
CORN0555 P. Cornelius (79) Calussa,Normal,71,71,-254
"CORN0563 P. Cornelius (316, cf. 315) P. f. Scapula",Normal,74,74,-301
VALE0570 M. Valerius (244) M. f. M. n. Maximus Corvinus,Normal,104,104,-271
MARC0601 C. Marcius (98) C. f. L. n. Rutilus Censorinus,Normal,80,80,-260
LIVI0624 M. Livius (11) - f. C. n. Denter,Normal,81,81,-294
MANL0637 T. Manlius (81) T. f. T. n. Torquatus,Normal,51,51,-299
CURI0641 M'. Curius (9) M'. f. M'. n. Cor. Dentatus,Normal,54,54,-270
HORT0664 Q. Hortensius (7),Normal,38,38,-287
VALE0682 P. Valerius (213) Laevinus,Normal,45,45,-280
CORU0683 Ti. Coruncanius (3) Ti. f. Ti. n. Pap.,Normal,68,68,-243
POST0690 L. Postumius (39) L. f. Albinus,Normal,75,75,-250
PAPI0695 L. Papirius (72) L. f. M. n. Praetextatus,Normal,53,53,-272
CLAU0702 Ap. Claudius (317) Ap. f. C. n. Russus,Normal,32,32,-268
FABI0712 Q. Fabius (116) Q. f. Q. n. Fal. Pup. Maximus Ovicula Verrucosus Cunctator,Normal,76,76,-203
POST0718 L. Postumius (56) L. f. L. n. Megellus,Normal,47,47,-253
CAED0735 Q. Caedicius (8) Q. f. Q. n.,Normal,44,44,-256
CLAU0744 P. Claudius (304) Ap. f. C. n. Pulcher,Normal,37,37,-246
CAEC0751 L. Caecilius (72) L. f. C. n. Metellus,Normal,79,79,-221
CORN0076 Ser. Cornelius (253) Maluginensis Tricostus,Normal,47,47,-453
POST0766 A. Postumius (30) A. f. L. n. Albinus,Normal,60,60,-215
LUTA0768 Q. Lutatius (13) C. f. C. n. Cerco,Normal,38,38,-236
CORN0780 L. Cornelius (211) L. f. Ti. n. Lentulus Caudinus,Normal,66,66,-213
CLAU0784 M. Claudius (115) Clineas,Normal,39,39,-236
AEMI0785 M'. Aemilius (103) M'. f. (Lepidus) Numida,Normal,39,39,-211
MANL0787 T. Manlius (82) T. f. T. n. Torquatus,Normal,77,77,-202
CARV0789 Sp. Carvilius (10) Sp. f. C. n. Maximus (Ruga),Normal,61,61,-211
CORN0790 P. Cornelius (42),Normal,41,41,-234
POMP0791 M'. Pomponius (17) M'. f. M'. n. Matho,Normal,64,64,-211
AEMI0792 M. Aemilius (66) M. f. M. n. Lepidus,Normal,61,61,-216
VALE0807 M. Valerius (211) P. f. P. n. Laevinus,Normal,54,54,-200
FURI0814 P. Furius (80) Sp. f. M. n. Philus,Normal,36,36,-214
CORN0815 M. Cornelius (92) M. f. M. n. Cethegus,Normal,54,54,-196
"FABI0082 M. Fabius (160, cf. 159) K. f. - n. Vibulanus",Normal,48,48,-477
MUCI0822 Q. Mucius (19) P. f. Scaevola,Normal,41,41,-209
VETU0824 L. Veturius (19) L. f. Post. n. Philo,Normal,51,51,-209
FURI0828 L. Furius (36) Bibaculus,Normal,30,30,-220
FURI0831 -. Furius (cf. 36) Bibaculus,Normal,79,79,-221
SEMP0833 Ti. Sempronius (66) C. f. C. n. Longus,Normal,40,40,-210
"OPPI0084  Oppia (36, cf. Opimia 13)",Normal,17,17,-483
POMP0853 M. Pomponius (18) M'. f. M'. n. Matho,Normal,71,71,-204
AEMI0854 M. Aemilius (128) Regillus,Normal,45,45,-205
OTAC0856 T. Otacilius (12) Crassus,Normal,48,48,-211
AURE0870 M. Aurelius (103) Cotta,Normal,50,50,-200
CORN0877 Cn. Cornelius (176) L. f. L. n. Lentulus,Normal,55,55,-184
CORN0878 P. Cornelius (336) P. f. L. n. Scipio Africanus Maior,Normal,52,52,-183
FABI0879 Q. Fabius (103) Q. f. Q. n. Maximus,Normal,45,45,-204
AELI0889 Q. Aelius (103) P. f. Paetus,Normal,34,34,-216
SCAN0890 P. Scantinius (2),Normal,34,34,-216
PORC0907 M. Porcius (9) M. f. Pap. Cato 'Censorius',Normal,85,85,-149
VERG0091 T. Verginius (22) Opet. f. Opet. n. Tricostus Rutilus,Normal,47,47,-463
SERV0919 Cn. Servilius (44) Cn. f. Cn. n. Caepio,Normal,63,63,-174
SERV0092 C. Servilius (87) Structus Ahala,Normal,47,47,-478
PAPI0921 C. Papirius (58) L. f. Maso,Normal,37,37,-213
LICI0926 P. Licinius (69) P. f. P. n. Crassus Dives,Normal,52,52,-183
VALE0930 L. Valerius (173) P. f. L. n. Flaccus,Normal,49,49,-180
SERV0931 C. Servilius (60) C. f. P. n. Geminus,Normal,60,60,-180
CORN0938 L. Cornelius (187) Lentulus,Normal,78,78,-172
LIVI0952 C. Livius (29) M. f. M. n. Salinator,Normal,65,65,-170
MARC0975 M. Marcius (20),Normal,59,59,-210
SEMP0976 Ti. Sempronius (67) Ti. f. C. n. Longus,Normal,56,56,-174
QUIN0977 L. Quinctius (43) T. f. L. n. Flamininus,Normal,59,59,-170
CORN0980 Cn. Cornelius (131) Dolabella,Normal,70,70,-180
AEMI0981 M. Aemilius (111) Papus,Normal,40,40,-210
MAMI0982 C. Mamilius (5) Atellus,Normal,51,51,-174
SULP0987 Ser. Sulpicius (56) Ser. f. P. n. Galba,Normal,51,51,-199
LAEL0992 C. Laelius (2) C. f. C. n.,Normal,84,84,-151
VALE0993 C. Valerius (166) P. f. L. n. Flaccus,Normal,55,55,-174
CLAU0997 M. Claudius (222) M. f. M. n. Marcellus,Normal,52,52,-177
ACIL1063 M'. Acilius (35) C. f. L. n. Glabrio,Attested,53,53,-175
STER1086 L. Stertinius (5),Attested,75,75,-175
CLAU1095 Ap. Claudius (245) Nero,Attested,75,75,-175
FABI1117 Q. Fabius (91) Q. f. Q. n. Labeo,Attested,119,119,-100
CORN1137 Cn. Cornelius (265) Merenda,Attested,50,50,-175
POST1172 A. Postumius (46) A. f. A. n. Albinus (Luscus),Attested,119,119,-100
AEMI1175 L. Aemilius (127) Regillus,Attested,50,50,-175
AURU1177 L. Aurunculeius (4),Attested,50,50,-175
SEMP1182 Ti. Sempronius (53) P. f. Ti. n. Gracchus,Attested,120,120,-100
SERV1266 M. Servilius (18) M. f. C. n.,Attested,99,99,-100
CORN1285 P. Cornelius (331) P. f. P. n. Scipio,Attested,65,65,-150
"FULV1286 Q. Fulvius (29, cf. 95) M. f. Nobilior",Attested,121,121,-75
CLOE1287 P. Cloelius (9) Siculus,Attested,100,100,-125
SULP1336 C. Sulpicius (50) C. f. Galba,Attested,110,110,-100
VETU1337 Ti. Veturius (23) Gracchus Sempronianus,Attested,100,100,-100
MANL1384 T. Manlius (83) A. f. T. n. Torquatus,Attested,124,124,-75
CANI1392 M. Caninius (12) Rebilus,Attested,75,75,-150
"ANNI1404 T. Annius (63, 64) T. f. Luscus",Attested,71,71,-125
QUIN1449 T. Quinctius (46) T. f. T. n. Flamininus,Attested,89,89,-100
VALE1460 M. Valerius (253) M. f. M. n. Messalla,Attested,104,104,-100
OPIM1476 Q. Opimius (10) Q. f. Q. n.,Attested,100,100,-100
LAEL1524 C. Laelius (3) C. f. C. n. Men. Sapiens,Attested,65,65,-125
IUNI1533 M. Iunius (49) M. f. M. n. Brutus,Attested,54,54,-125
AEMI1553 M. Aemilius (83) M. f. M. n. Lepidus Porcina,Attested,80,80,-100
VETU0157 C. Veturius (10) P. f. - n. Cicurinus,Attested,100,100,-400
SULP1718 Ser. Sulpicius (59) Ser. f. Ser. n. Galba,Attested,101,101,-50
FLAV1743 C. Flavius (87) C. f. Fimbria,Attested,79,79,-75
MARC1764 L. Marcius (75) Q. f. Q. n. Philippus,Attested,111,111,-25
POST1800 L. Postumius (43) L. f. Sp. n. Albinus,Attested,99,99,-50
GELL1822 L. Gellius (17) L. f. L. n. Tro. Poplicola,Attested,85,85,-50
CLAU1851 M. Claudius (227) M. f. Arn. Marcellus,Attested,75,75,-50
GABI1891 P. Gabinius (13),Attested,130,130,0
VOLU1910 L. Volumnius (3) L. f. Ani.,Attested,75,75,-50
RABI1912 C. Rabirius (5) C. f. Gal.,Attested,125,125,0
FONT1965 M. Fonteius (12) Pap.,Attested,75,75,-50
TERE1982 M. Terentius (Licinius 109) M. f. Varro Lucullus,Attested,116,116,0
VALE1992 L. Valerius (179) L. f. C.? n. Flaccus,Attested,99,99,0
CLAU2021 C. Claudius (214) Marcellus,Attested,69,69,-50
AURE2026 M. Aurelius (107) M. f. Cotta,Attested,120,120,0
AEMI2038 M'. Aemilius (62) M'. f. Lepidus,Attested,75,75,-50
"OTAC2060 M. Otacilius (5, cf. 4)",Attested,100,100,-25
CLAU2062 C. Claudius (303) Ap. f. Ap. n. Pulcher,Attested,75,75,-25
CAES2063 M. Caesius (9) M. f. Pom.,Attested,75,75,-50
CAEC2078 Q. Caecilius (87) C. f. Q. n. Metellus Creticus,Attested,109,109,0
CLAU2099 C. Claudius (cf. 165) C. f. Arn. Glaber,Attested,75,75,-50
VALE2107 M. Valerius (266) M. f. M'. n. Messalla Niger 'Menogenes',Attested,104,104,0
FABI2121  Fabia (172),Attested,100,100,0
LICI2122  Licinia (185),Attested,100,100,0
VOLU2125 L. Voluscius (or Volscius) (1) L. f. Arn.,Attested,75,75,-50
LART2126 L. Lartius (1) L. f. Pap.,Attested,75,75,-50
ANNA2127 C. Annaeus (3) C. f. Clu. (Brocchus),Attested,75,75,-50
AXIU2128 Q. Axius (4) M. f. Qui.,Attested,75,75,-50
PUBL2132 M. Publicius (23) M. f. Hor. Scaeva,Attested,75,75,-50
MAEN2133 T. Maenius (16) T. f. Lem.,Attested,75,75,-50
RANC2135 Q. Rancius (1) Q. f. Cla.,Attested,75,75,-50
CURI2155 Q. Curius (7),Attested,75,75,-50
CALP2164 C. Calpurnius (63) -. f. Cn. or Q.? n. Piso,Attested,60,60,-50
"LOLL2177 M. Lollius (21, cf. 8) Palicanus",Attested,59,59,-50
VOLC2178 L. Volcacius (8) Tullus,Attested,100,100,-25
CORN2181 Q. Cornificius (7),Attested,50,50,-50
"ALBI2193 P. Albinovanus (2, 3)",Attested,105,105,0
ANTI2208 C. Antius (4) (Restio),Attested,75,75,-25
AUFI2222 T. Aufidius (12),Attested,82,82,-25
CLAU2248 Ti. Claudius (253) Ti. f. Ap. n. Nero,Attested,75,75,-50
SULP2259 -. (Sulpicius) (48) Galba,Attested,125,125,25
ARRI2279 Q. Arrius (8) Aem. Ter.,Attested,50,50,-50
SEST2296 P. Sestius (6) L. f. Col.,Attested,75,75,-25
AELI2325 L. Aelius (150) Tro. Tubero,Attested,75,75,-25
AELI2325 L. Aelius (150) Tro. Tubero,Attested,75,75,-25
FABI2357 C. Fabius (17) Hadrianus,Attested,75,75,-25
CORN2393 Q. Cornelius (51),Attested,125,125,0
CLAU2396 C. Claudius (216) C. f. M. n. Marcellus,Attested,60,60,-40
HERE2418 L. Herennius (18) Balbus,Attested,100,100,0
"ANON2419 -. - (not in RE, cf. 7.2.1952) Gutta",Attested,50,50,-50
LAEL2438 D. Laelius (6) Balbus,Attested,75,75,-25
MUCI2440 Q. Mucius (23) Q. f. Q. n. Scaevola,Attested,100,100,25
MUNA2450 L. Munatius (30) L. f. L. n. Cam. Plancus,Attested,89,89,0
SEPT2516 C. Septimus (7) T. f.,Attested,50,50,-50
SCRI2518 L. Scribonius (20) L. f. Libo,Attested,90,90,0
COPO2537 C. Coponius (3),Attested,75,75,-25
CALP2543 Cn. Calpurnius (95) Cn. f. Cn. n. Piso Frugi,Attested,100,100,0
CORN2550 L. Cornelius (70) P. f. Balbus ('Balbillus'),Attested,79,79,0
LUCR2560 Q. Lucretius (36) Vespillo,Attested,100,100,0
TULL2563 M. Tullius (30) M. f. M. n. Cor. Cicero,Attested,65,65,0
"APPU2639 M. Appuleius (13, cf. 14) Sex. f.",Attested,100,100,0
ANTI2640 C. Antistius (47) C. f. Vetus,Attested,75,75,-25
LICI2706 -. Licinius (10),Attested,125,125,25
MARC2711 L. Marcius (48) L. f. C. n. Censorinus,Attested,89,89,0
NORB2713 C. Norbanus (9a) C. f. Flaccus,Attested,85,85,0
MANL2725 A. Manlius (72) Torquatus,Attested,75,75,0
SEST2729 L. Sestius (3) P. f. L. n. Quirinalis Alb-,Attested,125,125,50
IUNI2747 M. Iunius (172) M. f. D. n. Silanus,Attested,69,69,0
COCC2806 M. Cocceius (13) Pap. Nerva,Attested,80,80,0
CORN2819 L. Cornelius (69) L. f. Clu. Balbus,Attested,75,75,-25
STAT2822 T. Statilius (34) T. f. Taurus,Attested,80,80,0
TITI2834 M. Titius (18) L. f.,Attested,69,69,0
SOSI2840 C. Sosius (2) C. f. T. n.,Attested,79,79,0
LICI2860 M. Licinius (58) M. f. M. n. Crassus,Attested,50,50,-25
CLAU2867 Ap. Claudius (298) C. f. Ap. n. Pulcher,Attested,75,75,0
MINU0290 Sp. Minucius (28),Attested,125,125,-350
VALE2914 Potitus Valerius (267) (M. f. M. n.?) Messalla,Attested,70,70,0
ARRU2918 L. Arruntius (7) L. f. L. n. Ter.,Attested,75,75,0
APPU2927 Sex. Appuleius (17) Sex. f.,Attested,79,79,0
IUNI2929 L. Iunius (165) M. f. D. n. Silanus,Attested,47,47,-12
AEMI2931 Q. Aemilius (79) M'. f. Lepidus,Attested,75,75,0
LICI2933 C. Licinius (44) Calvus Stilo,Attested,50,50,0
MUCI2934 C. Mucius (14) Scaevola,Attested,50,50,0
IULI2963 L. Iulius (362) Mocilla,Attested,50,50,-25
IULI2963 L. Iulius (362) Mocilla,Attested,50,50,-25
LIVI2965 L. Livius (25) Ocella or Pella,Attested,50,50,-25
LIVI2965 L. Livius (25) Ocella or Pella,Attested,50,50,-25
TITI2981 L. Titius (15),Attested,125,125,25
LIVI3050 L. Livius (26) L. f. Ocella,Attested,100,100,25
SCRI3080 L. Scribonius (19) Libo,Attested,100,100,-25
IUNI3114 L. Iunius (21a),Attested,150,150,0
FANN3190 C. Fannius (8) C. f.,Attested,50,50,-75
"SENT3258 C. Sentius (4, cf. 9) C. f. Sab. Saturninus Vetulo",Attested,75,75,-25
AMNA3320 -. Amnaeus (not in RE),Attested,50,50,-50
SENT3384 L. Sentius (6) C. f. Ter. (Saturninus),Attested,75,75,-75
FUFI3415 L. Fufidius (3),Attested,50,50,-75
SERV0342 Q. Servilius (56) Q. f. P. n. Fidenas,Attested,125,125,-325
"CLAU3430 Ap. Claudius (299, cf. 15) Pulcher",Attested,50,50,-25
MEFU3472 T. Mefu- (not in RE) M. f.,Attested,100,100,-150
TREB4149 A. Trebonius (2),Attested,75,75,-50
QUIN0415 T. Quinctius (32) (T. f. L. n.) Cincinnatus Capitolinus,Attested,125,125,-325
AEMI4633  Aemilia (150b),Attested,94,94,-125
AEMI4634 -. Aemilius (not in RE) Potensis,Attested,100,100,-50
AQUI4636 L. Aquinius (1),Attested,125,125,-325
BATT4637 -. Battakes (2),Attested,100,100,-50
ANON4638  - (Kalliphana) Calliphana,Attested,125,125,-25
CASP4641  Casponia (not in RE) P. f. Maxima,Attested,100,100,-25
CLOE4644 P. Cloelius (not in RE) Siculus,Attested,125,125,-175
FABI4650 Ser. Fabius (128) Q. f. Q. n. Pictor,Attested,115,115,-75
FAVO4651  Favonia (not in RE) M. f.,Attested,100,100,-25
IULI4658 C. Iulius (18),Attested,100,100,-200
LICI4659 C. Licinius (153) Ste. Sacerdos,Attested,75,75,-125
MANI4660 -. Manius (cf. Marcius 2),Attested,125,125,-250
MARC4661 Cn. Marcius (2),Attested,100,100,-250
PAPI4662 C. Papirius (not in RE) L. f. Maso,Attested,550,550,250
POST4668 C. Postumius (11),Attested,125,125,-25
SPUR4671 -. Spurinna (2),Attested,125,125,25
SULP4672  Sulpicia (82),Attested,100,100,-225
TERE4675 Cn. Terentius (20),Attested,125,125,-125
USIA4676  Usia (not in RE) Prima,Attested,125,125,25
VINU4677 L. Vinulleius (1) L. f. Pom. Lucullus,Attested,125,125,25
CORN0510 A. Cornelius (122) P. f. A. n. Cossus Arvina,Attested,128,128,-250
CASS5157 M. Cassius (18) M. f. Pom.,Attested,75,75,-50
FUND5159 C. Fundanius (1),Attested,75,75,-75
AELI0542 P. Aelius (100) Paetus,Attested,200,200,-250
CLAU0591 Ap. Claudius (91) C. f. Ap. n. Caecus,Attested,116,116,-225
SEMP0603 P. Sempronius (85) P. f. C. n. Sophus,Attested,109,109,-225
"CORN0621 Cn. Cornelius (71, cf. 316, 343) (Scipio) Barbatus Barbatus",Attested,100,100,-250
GENU0633 C. Genucius (3) (Augurinus),Attested,30,30,-295
MINU0634 M. Minucius (42) Faesus,Attested,100,100,-250
PUBL0635 T. Publilius (9),Attested,55,55,-295
MAMI0740 Q. Mamilius (12) Q. f. Turrinus,Attested,110,110,-200
FULV0781 Q. Fulvius (59) M. f. Q. n. Flaccus,Attested,120,120,-150
VALE0805 P. Valerius (181) L. f. M. n. Flaccus,Attested,75,75,-200
SULP0816 Q. Sulpicius (16),Attested,100,100,-150
CORN0819 P. Cornelius (342) (Cn. f. L. n.) Scipio Asina,Attested,75,75,-200
LIVI0827 M. Livius (33) M. f. M. n. Pol. Salinator,Attested,62,62,-200
CORN0855 A. Cornelius (257) Mammula,Attested,50,50,-200
LAET0869 C. Laetorius (2),Attested,125,125,-125
CAEC0891 Q. Caecilius (81) L. f. L. n. Metellus,Attested,120,120,-125
CORN0903 P. Cornelius (200) Lentulus,Attested,50,50,-200
CORN0923 P. Cornelius (383) Sulla,Attested,89,89,-150
FABI0124 Q. Fabius (165) M. f. K. n. Vibulanus,Exiled,125,125,-375
MATI1273 C. Matienus (2),Exiled,75,75,-150
FURI1332 P. Furius (82) Philus,Exiled,75,75,-150
VOLS0140 M. Volscius (2) Fictor,Exiled,100,100,-400
MINU0147 L. Minucius (40) P. f. M. n. Esquilinus Augurinus,Exiled,125,125,-375
PLAU1531 C. Plautius (9) (Hypsaeus),Exiled,75,75,-125
"POPI1590 P. Popillius (28, cf. 7, 22) C. f. P. n. Laenas",Exiled,75,75,-100
RUTI1596 P. Rutilius (34) P. f.  Rufus,Exiled,83,83,-75
FABI1615 Q. Fabius (111) Q. Serviliani f. Q. n. Maximus Eburnus,Exiled,75,75,-100
PAPI1623 C. Papirius (33) C. f. Carbo,Exiled,44,44,-119
SERV1629 Q. Servilius (49) Cn. f. Cn. n. Caepio,Exiled,100,100,-50
OPIM1639 L. Opimius (4) Q. f. Q. n.,Exiled,118,118,-57
SULP1662 C. Sulpicius (51) Ser. f. Ser. n. Galba,Exiled,99,99,-50
PORC1682 C. Porcius (5) M. f. M. n. Pap. Cato,Exiled,57,57,-100
CAEC1693 Q. Caecilius (97) L. f. Q. n. Metellus Numidicus,Exiled,77,77,-75
CORN0173 M. Cornelius (246) - f. Ser. n. Maluginensis,Exiled,125,125,-375
MALL1739 Cn. Mallius (13) Cn. f. Maximus,Exiled,50,50,-100
SERG0174 M. Sergius (24) Esquilinus,Exiled,125,125,-375
POPI1748 C. Popillius (19) Laenas,Exiled,40,40,-100
POET0175 Q. Poetelius (4) Libo Visolus,Exiled,125,125,-375
ALBU1750 T. Albucius (2),Exiled,97,97,-50
BELL1751 L. Bellienus (5),Exiled,100,100,-50
LICI1759 L. Licinius (103) Lucullus,Exiled,50,50,-100
ANTO0176 T. Antonius (78) Merenda,Exiled,125,125,-375
DUIL0177 K. Duillius (4) (Longus),Exiled,125,125,-375
RABU0179 M'. Rabuleius (2),Exiled,125,125,-375
CLAU1807 Ap. Claudius (296) Ap. f. C. n. Pulcher,Exiled,74,74,-76
APPU1811 C. Appuleius (21) Decianus,Exiled,75,75,-75
AURE1866 C. Aurelius (96) M. f. Cotta,Exiled,51,51,-73
VARI1877 Q. Varius (7) Severus Hybrida Sucronensis,Exiled,41,41,-83
CAEC1889 Q. Caecilius (98) Q. f. L. n. Metellus Pius,Exiled,65,65,-64
VERR1967 C. Verres (1) Rom.,Exiled,84,84,-41
ANTO1969 C. Antonius (19) M. f. M. n. Hybrida,Exiled,150,150,25
TARQ0002 L. Tarquinius (8) Egeri f. Collatinus,Exiled,100,100,-450
CORN2007 Cn. Cornelius (135) (Cn. f. Cn. n.?) Dolabella,Exiled,50,50,-75
CLAU2062 C. Claudius (303) Ap. f. Ap. n. Pulcher,Exiled,75,75,-25
AUTR2070 P. Autronius (7) L. f. Paetus,Exiled,62,62,-46
TULL2072 M. Tullius (29) M. f. M. n. Cor. Cicero,Exiled,63,63,-43
GABI2234 A. Gabinius (11) A. f. - n.,Exiled,53,53,-47
MANL2250 A.? Manlius (76) A. f. Torquatus,Exiled,100,100,-25
SERV0226 C. Servilius (32) Ahala,Exiled,100,100,-375
MEMM2261 C. Memmius (8),Exiled,49,49,-50
AEMI2262 M. Aemilius (141) M. f. M. n. Scaurus,Exiled,92,92,0
PLAU2265 P. Plautius (23) Hypsaeus,Exiled,56,56,-44
AMPI2291 T. Ampius (1) T. f. Hor. Balbus,Exiled,75,75,-25
FADI2295 T. Fadius (9) Lem. Pol. Gallus,Exiled,75,75,-25
PLAN2312 Cn. Plancius (4) Ter.,Exiled,75,75,-25
NIGI2349 P. Nigidius (3) Figulus,Exiled,55,55,-45
ANNI2381 T. Annius (67) Mae. Milo = T. Papius Milo,Exiled,52,52,-48
CLAU2398 M. Claudius (229) M. f. M. n. Marcellus,Exiled,50,50,-45
CANI2401 L. Caninius (3) Pol. Gallus,Exiled,56,56,-44
MUNA2477 T. Munatius (32) Cam. Plancus Bursa,Exiled,125,125,25
POMP2478 Q. Pompeius (41) Rufus,Exiled,50,50,-50
LIGA2506 Q. Ligarius (4) Ser.,Exiled,70,70,-30
SEMP2972 C. Sempronius (79) Rufus,Exiled,75,75,-25
ATTI3151 -. Attidius (Atidius 2),Exiled,58,58,-67
FURI0340 M. Furius (44) L. f. Sp. n. Camillus,Exiled,83,83,-365
LIVI3403 L. Livineius (2) Regulus,Exiled,125,125,25
MARC3659 Q. (Marcius) (82) Philippus,Exiled,75,75,-100
LICI3795 -. Licinius (80) Lenticulus (or Denticula),Exiled,75,75,-25
CAEC4067 A. Caecina (7) Sab.,Exiled,175,175,25
ALBI4545 -. Albius (10) Clu. Oppianicus,Exiled,56,56,-69
CLAU0784 M. Claudius (115) Clineas,Exiled,39,39,-236
FULV0924 Cn. Fulvius (54) Flaccus,Exiled,42,42,-200